{"k": -0.0897261, "m": 0.341092, "sigma_obs": 0.0460515, "delta": {"_ArrayType_": "double", "_ArraySize_": [25], "_ArrayData_": [-4.39852e-08, 2.34833e-08, 2.70658e-08, 4.63224e-09, 1.36234e-08, 2.08396e-08, 0.00558906, 0.145009, 0.112071, 9.7788e-09, -1.64218e-08, -7.36161e-08, -3.80008e-06, -2.09671e-05, -0.0104668, -0.0261131, -0.00866107, -0.064068, -0.0968949, -0.0485307, -3.12196e-08, -7.62367e-09, 5.07511e-09, 0.0314608, 0.150501]}, "beta": {"_ArrayType_": "double", "_ArraySize_": [7], "_ArrayData_": [-0.00535683, 0.00630702, 0.00682524, 0.00559545, -0.00250142, -0.00442503, 0.0894906]}}